ID_INVENTARIS_BARU,NAMA_PEMELIHARAAN,TAHUN,NILAI_ASET
1546A,"Perencanaan, pengawasan, Rehab MCK dan tempat wudhu SDN Bendo 1",1990,21501750
1587B,Pembangunan UKS,2007,8640000
1587C,Kontruksi Gedung MCK,2007,6000000
1587D,DAK Gd Sekolah,2007,7200000
1587D,DAK Gd Sekolah,2007,8640000
1587E,Gedung SDN Bendo 1,2007,43521065
1587E,Gedung SDN Bendo 1,2007,37303770
1587E,Gedung SDN Bendo 1,2007,43521065
1587E,Ruang kantor SDN BENDO 1,2012,18950000
1775I,Pembangunan Spilut SDN Bendo 1,2013,16900000
1546K,SDN BENDO 1,2007,29265306
1546K,KERAMIK SDN BENDO 1,2016,15193500
1565B,RKB/Rehab (SDN Bendogerit 1),2007,359901000
1565B,Termin III (100%) Rehab Berat SDN Bendogerit 1 Kota Blitar,2007,75579210
1565B,Uang muka Rehab Berat SDN Bendogert I Kota Blitar,2007,107970300
1565B,Termyn I DAN II ( 35 persen dan 35 persen ) dipotong UM utk pekerjaan Rehab Berat SD N Bendogerit I Kota Blitar,2007,176351490
2291B,"Pembangunan termin (1,2,3) RKB Bertingkat SDN Bendogerit 1 (DAK)",2018,870556688
1565D,DAK Gd Sekolah,2007,7200000
1565D,DAK Gd Sekolah,2007,7200000
1565D,DAK Gd Sekolah,2007,75600000
1734D,Perencanaan pembangunan pagar depan SDN Bendogerit 1,2012,6631500
1734D,Pengawasan teknik pembangunan pagar depan SDN bendogerit 1,2012,3978000
2700H,KANOPI SDN BENDOGERIT 1 (DIKDAS),2019,30557175
1565I,Pembangunan UKS,2007,12960000
1565I,Kontruksi Gedung MCK,2007,6000000
2698J,JAMBAN SDN BENDOGERIT 1 (DIKDAS),2019,55393109
1297A,DAK Gd Sekolah,2007,7200000
1297A,DAK Gd Sekolah,2007,7200000
1297A,DAK Gd Sekolah,2007,75600000
1297A,REHAB KELAS 2 RUANG SDN BENDOGERIT 2 (DIKDAS),2019,1255000
1297B,PAGAR PEMBATAS SDN BENDOGERIT 2 (DIKDAS),2019,1255000
1297C,Pembangunan UKS,2007,7200000
1297C,Pembangunan UKS,2007,12960000
1566G,Kontruksi Gedung MCK,2007,10800000
1566G,Rehab sedang/berat SDN Bendogerit 2 MCK Perencanaan Pengawasan ( DIKDAS ),2018,1255000
1294A,R. Kelas III,1990,33600000
1294A,RKB/Rehab (SDN Gedog 2),2007,72991000
1294A,Termyn I Rehabilitasi Ruang Kelas SDN Gedog 2 Kota Blitar,2007,29196400
1294A,Termyn II Rehabilitasi Ruang Kelas SDN Gedog 2 Kota Blitar,2007,43794600
1294A,DAK Gd Sekolah,2007,7200000
1294A,DAK Gd Sekolah,2007,7200000
1294A,Termin 1 (100%) Rehab  SDN Gedog 2 (MCK) ( DIKDAS ),2018,43439500
1294A,REHAB KELAS 6 RUANG SDN GEDOG 2 (DIKDAS),2019,104318756
1294B,TEMPAT SEPEDA GURU SDN GEDOG 2 (DIKDAS),2019,45328239
1568D,Pembangunan UKS,2007,7200000
1568D,Pembangunan UKS,2007,8640000
1568D,DAK Gd Sekolah,2007,25200000
1568F,Kontruksi Gedung MCK,2007,6000000
1658G,Pembangunan Paving SDN. Gedok 2,2011,5389500
1658G,Pembangunan Paving di SDN Gedog 2,2011,538950
1658G,Lapangan SDN Gedog 2,2011,4600000
1725H,Pagar SD Gedog  2,2012,38894500
1725H,PAGAR DEPAN SDN GEDOG 2 (DIKDAS),2019,65475416
1569A,DAK Gd Sekolah,2007,7200000
1569A,DAK Gd Sekolah,2007,50400000
1569A,Pembangunan UKS,2007,7200000
1569A,Pembangunan UKS,2007,8640000
1569A,UKS DAN GUDANG SDN GEDOG 3,2019,77460357
1569B,Kontruksi Gedung MCK,2007,6000000
1497A,Gedung Sekolah,1990,117600000
1497A,bangunan RKB SD Karangtengah 1 dan ruang TU,1990,74900000
1497A,Rehab ruang kls SDN Karanngtengah 1 Kota blitar,2007,83400000
1497A,Rehab ruang kls SDN Karangtengah 1 (termin II ),2007,62550000
1497A,Rehab ruang kls SDN Karangtengah 1 (termin III),2007,62550000
1497A,"Rehab sedang/berat SDN Karangtengah 1 keramik kelas dan perencanaan 1.115.750, pengawasan 936.250 ( DIKDAS )",2018,21952000
1497B,Termyn I RKB SD N Karangtengah I Kota Blitar,2007,25469360
1497B,Termyn II RKB SD N Karangtengah I Kota Blitar,2007,38204040
1497B,Uang Muka RKB SDN Karangtengah I Kota Blitar,2007,27288600
1497C,DAK Gd Sekolah,2007,7200000
1497C,DAK Gd Sekolah,2007,7200000
1497C,DAK Gd Sekolah,2007,25200000
1497C,Gedung Serba Guna SDN Karangtengah 1,2011,7650000
1497C,Gedung Aula SDN Karang Tengah 1,2011,113118000
1660F,Pengadaan kuntruksi taman /areal parkir/lapangan SDN.Karangtengah.1,2011,36400000
1660F,Kuntruksi taman/areal parkir/lapangan SDN Karangtengah 1,2011,1500000
1660F,Kuntruksi taman/arealparkir/lapangan SDN.Karangtengah 1,2011,1350000
1660F,Pengadaan kuntruksi taman/areal parkir/lapangan.SDN.Karangtengah 1,2011,54600000
1573G,"Termin II rehabilitasi SDN Karangtengah 1
(DAK SD 2013)",2007,40480000
1573G,"Termin III rehabilitasi SDN Karangtengah 1
(DAK SD 2013)",2007,40520000
1573H,Kontruksi Gedung MCK,2007,6000000
1573I,Pembangunan UKS,2007,8640000
1584B,Tempat Parkir (SDN Kepanjenlor 2_2019),2019,14974000
1584B,Pembangunan UKS,2007,8640000
1584H,Kontruksi Gedung MCK,2007,19200000
2681I,Rehabilitasi Pagar SDN Kepanjenlor 2,2013,19949000
2681K,Perencanaan Pekerjaan Pagar SDN Kepanjenlor 2,2013,1500000
2000K,PAVING SDN KEPANJENLOR 2,2015,73520000
2204L,Gapura Sekolah SD Kepanjenlor 2,2017,8500000
1592A,Rehabilitasi jamban SDN Ngadirejo 2 (DAK SD 2016),2007,23500000
1592A,Pembangunan UKS,2007,7200000
1592A,Pembangunan UKS,2007,8640000
1592A,Kontruksi Gedung MCK,2007,5400000
1592A,Kontruksi Gedung MCK,2007,7200000
1592A,DAK Gd Sekolah,2007,37800000
1592A,TANDON AIR SDN NGADIREJO 2 (DIKDAS),2019,72560483
1592C,Rehabilitasi 2 paket SDN Ngadirejo 2 (DAK SD 2017),2007,88000000
1592D,DAK Gd Sekolah,2007,8640000
1533F,PAGAR SAMPING SDN NGADIREJO 2 (DIKDAS),2019,63988636
1578A,Pembangunan UKS,2007,7200000
1578A,Pembangunan UKS,2007,8640000
1578A,Kontruksi Gedung MCK,2007,6000000
1578A,Kontruksi Gedung MCK,2007,13200000
1578B,REHAB 6 RUANG KELAS SDN PLOSOKEREP 1 (DIKDAS),2019,107193205
1578C,"Rehab sedang/berat SDN Plosokerep 1 dan perencanaan , pengawasan ( DIKDAS )",2018,21952000
1295A,Paving SDN Sananwetan 1,1990,45000000
1295A,rehab kls SDN Sananwetan 1,2007,20850000
1295A,rehab kls SDN Sananwetan 1,2007,20850000
1295A,Rehab ruang kelas SDN Sananwetan 1,2007,27800000
1295B,Pembangunan UKS,2007,7200000
1295B,Pembangunan UKS,2007,8640000
1295B,"Termin (1,2,3) Rehab RKB 4 paket SDN Sananwetan 1 (DAK)",2018,264166964
1295C,SDN SANANWETAN 1,2007,29265306
1295C,RKB/Rehab (SDN Sananwetan 1),2007,72207000
1295C,Termin II (100%) Rehab Gedung Ruang Kelas SDN Sananwetan 1,2007,30326940
1295C,Uang Muka Rehabilitasi Gedung Ruang Kelas SDN Sananwetan 1 Kota Blitar,2007,21662100
1295C,DAK Gd Sekolah,2007,7200000
1295C,DAK Gd Sekolah,2007,7200000
1295C,DAK Gd Sekolah,2007,75600000
1295C,Pagar besi untuk taman,2016,5775000
1570D,Kontruksi Gedung MCK,2007,6000000
1664E,rPembangunan Pagar Besi SDN Sananwetan 1,2011,13419500
1664E,Pembangunan Pagar Besi SDN Sananwetan 1,2011,12077550
1664E,PAGAR SDN SANANWETAN 1,2016,99452000
1290A,Gedung Siswa SDN Sananwetan 3,1990,36000000
1290A,U K S,1990,20009479
1290A,R. UKS,1990,7500000
1290A,Laboratorium SDN Sananwetan 3,1990,7500000
1290A,Laborat,1990,37800000
1290A,Laboratorium,1990,36000000
1290A,Gedung RKB SDN Sananwetan 3,1990,100352399
1290A,Penambahan ruang kelas,1990,49728000
1290A,Ruang Kelas Sekolah,1990,24979000
1290A,RKB/Rehab (SDN Sananwetan 3),2007,82373000
1290A,Uang Muka Rehabilitasi Ruang Kelas SD N Sananwetan 3 Kota Blitar,2007,24711900
1290A,Termyn 1 Rehabilitasi Ruang Kelas SDN Sananwetan 3 Kota Blitar,2007,23064400
1290A,Termyn II Rehab Berat SD N Sananwetan 3 Kota Blitar,2007,34596700
1572B,RKB  SDN Sananwetan 3 (DAK SD 2016),2007,576229344
1572B,Rehabilitasi 2 paket SDN Sananwetan 3 (DAK SD 2017),2007,88000000
1572B,Termin 1.2.3  Rehab RKB 2 paket SDN Sananwetan 3 (DAK),2018,132083482
1289C,Kantor,1990,29400000
1289C,Kantor,1990,60000000
1289C,Kantor,1990,21000000
1289C,Kantor,1990,24000000
1289C,R. Rapat,1990,43112000
1289C,Ruang Guru,1990,36000000
1289C,Ruang Guru,1990,16800000
1289C,Ruang Kantor,1990,21600000
1289C,Ruang PKG,1990,27840000
1289C,Rumah Dinas,1990,34000000
1289C,Rumah Dinas,1990,40800000
1289C,Rumah Dinas,1990,33600000
1289C,Rumah Dinas Guru,1990,27000000
1289C,Rumah Dinas KS,1990,28500000
1289C,Rumah Dinas KS,1990,86400000
1289C,Kantor,1990,31680000
1289C,Perpustakaan SDN Sananwetan 3,1990,36000000
1289C,Perpustakaan,1990,111000000
1289C,DAK Gd Sekolah,2007,7200000
1289C,DAK Gd Sekolah,2007,7200000
1289C,DAK Gd Sekolah,2007,75600000
1289C,PAVING SDN SANANWETAN 3,2010,30055100
1289C,"Pembangunan taman, parkir dan Lap.upacara SDN Sananwetan 3 dan SDN Bendogerit 2",2011,43492000
1733D,"Biaya pengawas konsultan pembangunan pagar, paving SD",2012,2900000
1733D,Pengawasan pembuatan pagar depan SDN  Sananwetan 3,2012,1720000
1733D,perencanaan pembangunan pagar depan SDN Sananwetan 3,2012,2870000
1733D,PAPAN INFORMASI UPTD SANANWETAN,2015,1700000
1291E,Musholla,1990,40500000
1572F,Kontruksi Gedung MCK,2007,6000000
1572G,Pembangunan UKS,2007,8640000
1494I,Rumah Dinas Penjaga,1990,50400000
1494I,Rumah Penjaga,1990,24600000
1494I,Rumah Penjaga,1990,26700000
1534A,Gedung Sekolah,1990,56840000
1534A,Bangunan Sekolah SD Sentul 2 reklas dari Kontruksi dalam Pengerjaan Th Perolehan 2011,1990,34474000
1534B,Gedung Sekolah,1990,47040000
1534B,Gedung Sekolah,1990,20000000
1534B,Bangunan Gedung Tempat Pendidikan Permanen SDN Sentul 2 Kota Blitar,1990,66400000
1534B,Pekerjaan Keramik Dinding SDN Sentul 2,1990,30900000
1534B,Pembangunan UKS,2007,7200000
1534B,DAK Gd Sekolah,2007,50400000
1534B,DAK Gd Sekolah,2007,25200000
1534B,DAK Gd Sekolah,2007,8640000
1534B,KERAMIK SDN SENTUL 2,2016,15193500
1534B,"Termin (1,2,3) Rehab RKB 1 paket SDN Sentul 2 (DAK)",2018,66041741
1534B,"Pembangunan termin (1,2,3) RKB bertingkat SDN Sentul 2 (DAK)",2018,435278346
1534C,Bangunan gedung sekolah reklas dari Kontruksi Dalam Pengerjaan,1990,45003200
1534C,Jasa pengawasan kontruksi SDN Sentul 2,1990,1400000
1534C,Pengadaan Kontruksi gedung SDN Sentul 2,1990,2100000
1534C,SDN SENTUL 2,2007,29265306
1594D,Kontruksi Gedung MCK,2007,10800000
1545A,Pemasangan Keramik  Lantai SDN Tanggung 1,1990,39537000
1545A,SDN TANGGUNG 1,2007,29265306
1545A,Rehab ruang kls SDN Tanggung 1 (termin II),2007,62550000
1545A,Rehab ruang kls SDN Tanggung 1 (termin III),2007,62550000
1545A,Rehab ruang kls SDN Tanggung 1 Kota Blitar,2007,83400000
1545A,DAK Gd Sekolah,2007,37800000
1545B,Pembangunan UKS,2007,7200000
1545B,Pembangunan UKS,2007,8640000
1545B,"termin II rehabilitasi SDN Tanggung 1
(DAK SD 2013)",2007,32640000
1545B,"Termin III rehabilitasi SDN Tanggung 1
(DAK SD 2013)",2007,33240000
1545B,"Uang muka rehabilitasi SDN Tanggung 1
(DAK SD 2013)",2007,43552000
1545B,DAK Gd Sekolah,2007,7200000
1545B,DAK Gd Sekolah,2007,8640000
1545B,Gedung kantor,2007,4500000
1545B,Tempat parkir Tanggung 1,2012,1400000
1589C,Kontruksi Gedung MCK,2007,6000000
1758E,PAGAR SDN TANGGUNG 1,2012,2100000
1521A,SDN KAUMAN 3,2007,29265306
1521A,Rehab ruang kls SDN Kauman 3 kota Blitar,2007,55600000
1521A,DAK Gd Sekolah,2007,7200000
1521A,DAK Gd Sekolah,2007,7200000
1521A,DAK Gd Sekolah,2007,8640000
1521A,SDN KAUMAN 1,2010,23633700
1521A,PARKIR SDN KAUMAN 3,2013,9487000
1521A,KANTIN KAUMAN 1 (DIKDAS),2019,66635743
1521A,TEMPAT SEPEDA KAUMAN 1 (DIKDAS),2019,46684743
1521B,DAK Gd Sekolah,2007,7200000
1521B,Rehab ruang kls SDN Kauman 3 (termin II),2007,41700000
1521B,Rehab ruang kls SDN Kauman 3 (termin III),2007,41700000
1521B,DAK Gd Sekolah,2007,7200000
1521B,DAK Gd Sekolah,2007,8640000
1521B,Gedung SDN Kauman 1,2010,16543590
1521B,Gedung SDN Kauman 1,2010,19300855
1521B,Gedung SDN Kauman 1,2010,19300855
1521C,Pembangunan UKS,2007,7200000
1521C,Pembangunan UKS,2007,8640000
1586D,Kontruksi Gedung MCK,2007,12000000
1586D,KAMAR MANDI MCK SDN KAUMAN 1,2014,14673000
1586D,Termin 1 (100%) Rehab SDN Kauman 1 MCK perencanaan dan pengawasan( DIKDAS ),2018,43700000
1234A,Lantai dan dinding Keramik,1990,24728000
1234A,SDN BLITAR 1,2007,29265306
1234A,Pembangunan UKS,2007,7200000
1234A,Rehabilitasi Ruang Kelas SDN Blitar,2007,12285000
1234A,RKB/Rehab (SDN Blitar),2007,40950000
1234A,"Termin I,II (100%) Rehab RKS SDN Blitar",2007,28665000
1234B,DAK Gd Sekolah,2007,50400000
1234B,DAK Gd Sekolah,2007,30960000
1234B,DAK Gd Sekolah,2007,8640000
1234B,"Pembangunan termin (12,3) RKB Bertingkat SDN Blitar (DAK)",2018,652917519
1596D,Kontruksi Gedung MCK,2007,10800000
1239A,Gedung kantor,2007,60760300
1239A,Gedung kantor,2007,9000000
1239A,Pembangunan UKS,2007,7200000
1223B,SDN KARANGSARI 1,2007,29265306
1223B,KANTIN SDN KARANGSARI 1 (DIKDAS),2019,68404096
1601C,DAK Gd Sekolah,2007,50400000
1601C,DAK Gd Sekolah,2007,75600000
1601D,Termin 1 (100%) Rehab SDN Karangsari 1 (MCK)  ( DIKDAS ),2018,53387500
1806E,PAVING SDN KARANGSARI 1 (DIKDAS),2019,68631791
1298A,Gedung RKB SDN Karangtengah 2,1990,268080000
1298A,Pagar Taman Sekolah,2017,3300000
1298A,REHAB KELAS 6 RUANG SDN KARANGTENGAH 2 (DIKDAS),2019,140067167
1298B,Gedung Sekolah,1990,443514000
1298B,Pembangunan sarpras rehab SDN Karangtengah 2,2007,62550000
1298B,pembangunan sarpras rehab SDN Karangtengah 2,2007,62550000
1298B,Rehab ruang kls SDN Karangtengah 2,2007,83400000
1298B,DAK Gd Sekolah,2007,7200000
1298B,DAK Gd Sekolah,2007,7200000
1298B,DAK Gd Sekolah,2007,138600000
1298C,Gedung Sekolah,1990,351000000
1298C,Gedung Sekolah,1990,91200000
1298C,"Perencanaan, Pengawasan, Rehab Gedung SDN Karangtengah 2",1990,73900000
1298C,SDN KARANGTENGAH 2,2007,29265306
1298C,Pembangunan UKS,2007,12960000
1298C,Pembangunan UKS,2007,8640000
1298C,Kontruksi Gedung MCK,2007,10800000
1298C,Kontruksi Gedung MCK,2007,6000000
1298C,RUANG TU SDN KARANGTENGAH 2 (DIKDAS),2019,55055243
1665D,Pembangunan Paving SDN Karangtengah 2,2011,14624500
1665D,Pembangunan Paving Halaman SDN Karangtengah 2,2011,13162050
1665D,Paving SDN Karangtengah 2,2011,1462450
1558B,Termin 1 (100%) Rehab SDN Karangtengah 3 (tempat wudhu dan mushola) ( DIKDAS ),2018,52590500
1558B,KANOPI TEMPAT WUDHU SDN KARANGTENGAH 3 (DIKDAS),2019,30538955
1558C,Pembangunan UKS,2007,7200000
1558C,Pembangunan UKS,2007,8640000
1558D,Kontruksi Gedung MCK,2007,10800000
1558D,KAMAR MANDI SD KARANGTENGAH 3,2016,160063000
1558D,JAMBAN SDN KARANGTENGAH 3 (DIKDAS),2019,55101447
1558E,RKB/Rehab (SDN Karanggtengah 3),2007,73037000
1558E,Termyn I Rehabilitasi Ruang Kelas SD N Karangtengah 3 Kota Blitar,2007,29214800
1558E,Termyn II Rehabilitasi Ruang Kelas SDN Karangtengah 3 Kota Blitar,2007,43822200
1575A,Pembangunan UKS,2007,7200000
1575A,Pembangunan UKS,2007,8640000
1575B,DAK Gd Sekolah,2007,7200000
1575B,DAK Gd Sekolah,2007,7200000
1575B,KANTIN SDN KARANGTENGAH 4 (DIKDAS),2019,68229385
1575F,Termyn 1 Pembangunan RKB ( 1 RKB ) SDN Karangtengah 4 Kota Blitar,2007,36400000
1575F,Termin II RKB SDN Karangtengah 4 Kota Blitar,2007,54600000
1575G,Kontruksi Gedung MCK,2007,6000000
1524A,SDN KEPANJENKIDUL 1,2007,29265306
1524A,Pembangunan UKS,2007,7200000
1524A,Pembangunan UKS,2007,8640000
1524A,"Termin II rehabilitasi SDN Kepanjenkidul 1
(DAK SD 2013)",2007,26999000
1524A,"Termin III rehabilitasi SDN Kepanjenkidul 1
(DAK SD 2013)",2007,27001000
1524A,uang muka rehabilitasi SDN Kepanjenkidul 1 (DAK 2013),2007,36000000
1524A,DAK Gd Sekolah,2007,7200000
1524A,DAK Gd Sekolah,2007,7200000
1524A,DAK Gd Sekolah,2007,50400000
1524B,"pembangunan RKB SDN Kepanjenkidul 1
(DAK SD 2016)",2007,384229344
1524B,"Pembangunan termin (1,2,3) RKB bertingkat SDN Kepanjenkidul 1 (DAK)",2018,217639173
1524D,Kontruksi Gedung MCK,2007,6000000
1524D,Kontruksi Gedung MCK,2007,10800000
1531A,JAMBAN SDN NGADIREJO 1 (DIKDAS),2019,43296615
1531A,KANTIN SDN NGADIREJO 1 (DIKDAS),2019,63296286
1532B,Rehabilitasi Pagar SDN Ngadirejo 1,1990,47312000
1532B,SDN NGADIREJO 1,2007,29265306
1532B,DAK Gd Sekolah,2007,8640000
1532B,DAK Gd Sekolah,2007,37800000
1531C,pembangunan Ruang Guru dan pembangunan Jamban SDN Ngadirejo 1 (DAK SD 2016),2007,183000000
1531C,DAK Gd Sekolah,2007,37800000
1888C,PAGAR SDN NGADIREJO 1,2014,900000
1532D,Pembangunan UKS,2007,7200000
1532D,Pembangunan UKS,2007,8640000
1532D,Pagar SD Ngadirejo 1,2014,1800000
1531E,Kontruksi Gedung MCK,2007,10800000
1531E,Kontruksi Gedung MCK,2007,6000000
2485H,PAGAR SDN NGADIREJO 1 (DIKDAS),2019,23234400
1227A,SDN PAKUNDEN 1,2007,29265306
1227A,RKB/Rehab (SDN Pakunden 1),2007,146000000
1227A,Rehab ruang kls SDN Pakunden 1 (termin II ),2007,62550000
1227A,Rehab ruang kls SDN Pakunden 1 (termmin III),2007,62550000
1227A,Rehabilitasi Ruang Kelas SDN Pakunden 1 Kota Blitar,2007,83400000
1243B,Termin II 35% RKB SDN Pakunden I Kota Blitar,2007,51100000
1243B,Termin III 30% RKB SDN Pakunden I Kota Blitar,2007,43800000
1243B,Termyn I Rehab Berat SD N Pakunden I Kota Blitar,2007,51100000
1605C,DAK Gd Sekolah,2007,50400000
1605C,DAK Gd Sekolah,2007,50400000
1605D,Kontruksi Gedung MCK,2007,21600000
2710G,REHAB TEMBOK BELAKANG SDN PAKUNDEN 1 (DIKDAS),2019,35772505
1579A,Pembangunan UKS,2007,12960000
1579A,Pembangunan UKS,2007,8640000
1579C,Rehab ruang kls SDN Plosokerep 2 (termin III),2007,62550000
1579F,Kontruksi Gedung MCK,2007,6000000
1303A,RKB/Rehab (SDN Rembang 1),2007,41200000
1303A,REHAB KELAS 6 RUANG SDN REMBANG 1 (DIKDAS),2019,103922208
1576B,Pembangunan UKS,2007,7200000
1576B,Pembangunan UKS,2007,8640000
1303C,Gedung Sekolah,1990,117437500
1303C,Gedung sekolah,1990,261741000
1303C,Termin I+II Rehab RKB SDN Rembang 01,2007,41200000
1576D,DAK Gd Sekolah,2007,7200000
1576D,DAK Gd Sekolah,2007,50400000
1576D,RKB/Rehap (SDN Rembang 1),2007,41200000
1657E,Pembangunan Pagar dan Pintu Besi SDN Rembang 1,2011,11295000
1657E,PAGAR DEPAN SDN REMBANG 1 (DIKDAS),2019,55265674
1576G,Kontruksi Gedung MCK,2007,6000000
1506A, DAK Gd Sekolah ,2007,50400000
1506A, Gedung Kantor/Guru SDN Sananwetan 2 ,2014,66239000
1571B, rehab kls SDN Sananwetan 2 ,2007,125100000
1571B, DAK Gd Sekolah ,2007,7200000
1571B, DAK Gd Sekolah ,2007,7200000
1506C, rehab kls SDN Sananwetan 2 ,2007,125100000
1506C, PAVING SDN Sananwetan 2 ,2016,21305000
1506C," Pembangunan termin (1,2,3) RKB bertingkat SDN Sananwetan 2 (DAK) ",2018,435278346
1506D," Perencanaan, Pengawasan, Rehab Gedung SDN Sananwetan 2 ",1990,73900000
1506D, rehabilitasi RKB SDN Sananwetan 2 (DAK SD 2016) ,2007,93000000
1506D, Pembangunan UKS ,2007,7200000
1506D, Pembangunan UKS ,2007,8640000
1506D, RKB/Rehab (SDN Sananwetan 2) ,2007,165000000
1506D, Rehab ruang kls SDN Sananwetan 2 ,2007,166800000
1571G, Termin 1 Rehab SDN Sananwetan 2 (Perluasan Mushola) dan perencanaan pengawasan ( DIKDAS ) ,2018,92852000
1530A,LABORATORIUM SDN SENTUL 3,1990,129400000
1530A,SDN SENTUL 3,2007,29265306
1530A,Rehabilitasi Sedang/Berat Bangunan SDN Sentul 3 49.900.000 dan perencanaan 2.625.000 pengawasan 3.500.000 ( DIKDAS ),2018,56025000
1535B,Pembangunan UKS,2007,7200000
1535B,Termin 1 (100%) rehab SD dan SMP (MCK) SDN Sentul 3 ( DIKDAS ),2018,44000000
1560C,"Termin III rehabilitasi SDN Sentul 3
(DAK SD 2013)",2007,40508000
1560C,uang muka rehabilitasi SDN Sentul 3 (DAK 2013),2007,54000000
1530D,Gedung Sekolah,1990,56840000
1530D,DAK Gd Sekolah,2007,50400000
1530D,DAK Gd Sekolah,2007,50400000
1530D,DAK Gd Sekolah,2007,8640000
1530D,KANTIN SENTUL 3 (DIKDAS),2019,66570038
1530E,Kontruksi Gedung MCK,2007,10800000
1530E,Kontruksi Gedung MCK,2007,10800000
1530E,JAMBAN SENTUL 3 (DIKDAS),2019,56391272
1246A,SDN TLUMPU 1,2007,29265306
1246A,RKB/Rehab (SDN Tlumpu),2007,91109000
1246A,DAK Gd Sekolah,2007,8640000
1246A,DAK Gd Sekolah,2007,100800000
1246A,DAK Gd Sekolah,2007,50400000
1246A,"Pembangunan termin (1,2,3) RKB bertingkat SDN Tlumpu (DAK)",2018,435278346
1235B,Kontruksi Gedung MCK,2007,10800000
1235B,pembangunan sarpras rehab SDN Tlumpu,2007,62550000
1235B,Rehab ruang kls SDN Tlumpu,2007,83400000
1235B,Rehabilitasi Ruang Kelas SDN Tlumpu Kota Blitar,2007,62550000
1235B,TEMBOK SDN TLUMPU (DIKDAS),2019,108506131
1246C,Rumah Dinas Guru,1990,18000000
1246C,KANTIN SDN TLUMPU (DIKDAS),2019,68429754
1600D,pembangunan jamban SDN Tlumpu kota blitar (DAK SD 2016),2007,47000000
1600F,Termyn I Pembangunan RKB SD N Tlumpu Kota Blitar,2007,36443600
1317A,Gedung perpustakaan,2009,92882085
1317A,Gedung Perpustakaan,2010,88879023
1317A,Gedung Sekolah Sebelah Timur,1990,356800000
1317A,Gedung Sekolah,2009,103322100
1317A,GEDUNG SEKOLAH SMPN 2,2016,149485000
1317A,Pembangunan Kamar Mandi Siswa,2017,20250000
1317A,"kamar amndi siswa 89.500.000, perencanaan 4.495.000, pengawasan 3.590.000",2018,97585000
1318B,Bangunan Sekolah,1990,44800000
1318B,Bangunan Sekolah,1990,22400000
1318B,Bangunan Sekolah,1990,25600000
1318B,Bangunan Sekolah,1990,28800000
1318B,Bangunan Sekolah,1990,28800000
1318B,Bangunan Sekolah,1990,28800000
1318B,Bangunan Sekolah,1990,38400000
1318B,Bangunan Sekolah,1990,64800000
1318B,Bangunan Sekolah,1990,202400000
1318B,Gedung UKS dan MCK SMPN 2,2009,56700000
1318B,Pembangunan UKS,2009,7200000
1318B,Pembangunan UKS,2009,7200000
1318B,Pembangunan UKS,2009,12960000
1318B,Kontruksi Gedung MCK,2009,21600000
1318C,Gedung Sekolah,1990,195436500
1318C,Gedung Sekolah,1990,48000000
1318C,Bangunan Sekolah,1990,25200000
1318C,Bangunan Sekolah,1990,25200000
1318C,KAMAR MANDI/WC Guru,1990,3500000
1319D,Kamar Mandi / WC,2010,10000000
1319D,Pembangunan Sanitasi,2011,10000000
1321F,termin II rehabilitasi SMPN 2,2006,65741000
1321F,termin III rehabilitasi SMPN 2,2006,66822000
1321F,"uang muka Rehabilitasi SMPN 2
(DAK SMP 2013)",2006,86557000
1321F,Gedung Sekolah,2006,549102900
1321F,AULA,2014,19200000
1321F,Pengeramikan Gedung Serbaguna/ Aula,2014,19200000
1307I,"rehap bangunan tempat pendidikan 137.750.000,pengawasan 4.860.000 ,perencanaan 7.492.000",2018,150102000
1307J,Pembangunan Gedung,2006,84000000
1307J,Pembangunan Gedung,2006,42000000
1307J,Pembangunan Gedung,2006,37800000
1307J,Pembangunan Gedung,2006,42000000
1307J,Pembangunan Gedung,2006,84000000
1307J,Pembangunan Gedung,2006,56700000
1307J,Pembangunan RKB bertingkat suntik SMPN 2 Blitar (DAK),2006,264992544
1867K,Pembangunan ruang Lab IPA SMPN 2 (DAK SMP 2017),2017,292101360
1780A,"Termin II rehabilitasi SLBN Sukorejo
(DAK SD 2013)",2013,27000000
1780A,"Termin III rehabilitasi SLBN Sukorejo
(DAK SD 2013)",2013,27000000
1780E,tahap III pembangunan jamban SDLB Sukorejo DAK 2015,2013,14321323
1542C,Bangunan Sekolah,1990,250960000
1542C,Pembangunan UKS,2007,7200000
1542C,Pembangunan UKS,2007,8640000
1542C,Kontruksi Gedung MCK,2007,6000000
1542C,Kontruksi Gedung MCK,2007,6000000
1542C,RKB/Rehab (SDN Bendo 2),2007,91100000
1542C,"Perencanaan, pengawasan, Rehab MCK dan Tempat Wudhu SDN Bendo 2",1990,21501750
1542C,"Pembangunan termin (1,2,3) RKB bertingkat SDN Bendo 2 (DAK)",2018,435278346
1588I,tahap II pembangunan jamban SDN Bendo 2 DAK 2015,2007,12821323
1588I,tahap III pembangunan jamban SDN Bendo 2 DAK 2015,2007,14321323
1588J,DAK Gd Sekolah,2007,7200000
1588J,DAK Gd Sekolah,2007,8640000
1588J,Termyn I RKB SD N Bendo 2 Kota Blitar,2007,25508000
1588J,Uang Muka RKB SD N Bendo 2 Kota Blitar,2007,27330000
1496A,Gedung Sekolah,1990,38400000
1496A,SDN GEDOG 1,2007,29265306
1496A,Pembangunan UKS,2007,7200000
1496A,Pembangunan UKS,2007,8640000
1496A,DAK Gd Sekolah,2007,7200000
1496A,DAK Gd Sekolah,2007,7200000
1496A,DAK Gd Sekolah,2007,25200000
1496A,RKB/Rehab (SDN Gedog 1),2007,41091000
1496A,Termyn 1 40% Rehabilitasi Ruang Kelas SDN Gedog 1 Kota Blitar,2007,16436400
1496A,Termyn II Rehabilitasi Ruang Kelas SDN Gedog 1 Kota Blitar,2007,24654600
1496A,Termyn I 100% Perencanaan Rehabilitasi dan Pembangunan RKB,2007,29004000
1496A,Gedung Sekolah,1990,373200000
1496B,Rehab RKB SDN Gedog 1 (DAK),2007,151392247
1496B,Termin 1 Rehabilitasi ruang kelas 3 paket SDN Gedog 1,2007,50464082
1496B,PAVING GEDOG 1 (DIKDAS),2019,52719262
1666C,Pembangunan Pagar Besi SDN Gedog 1,2011,11612500
1666C,Pembangunan Pagar Besi SDN. Gedog 1,2011,10451250
2441D,MUSHOLA GEDOG 1 (DIKDAS),2018,47889774
1567E,Kontruksi Gedung MCK,2007,6000000
1567E,Rehabilitasi  jamban SDN Gedog 1 (DAK SD 2016),2007,23500000
1567F,"Termin III rehabilitasi SDN Gedog 1
(DAK SD 2013)",2007,27001000
1567F,uang muka Rehabilitasi SDN Gedog 1 (DAK 2013),2007,36000000
1240A,DAK Gd Sekolah,2007,8640000
1602B,Pembangunan UKS,2007,7200000
1602B,DAK Gd Sekolah,2007,12600000
1602B,Termin 1 (100%) Rehab SDN Karangsari 02 (MCK) ( DIKDAS ),2018,43007500
1602B,Gedung Sekolah SDN KARANGSARI 2,1990,319000000
1602D,Kontruksi Gedung MCK,2007,10800000
1240G,Rumah Dinas Guru,1990,30000000
1936B,Rehab Tempat Parkir SDN Kepanjenlor 1,1990,14633000
1936B,KANTIN SDN KEPANJENLOR 1 (DIKDAS),2019,66594173
1526C,SDN KEPANJENLOR 1,2007,29265306
1526C,Pembangunan UKS,2007,7200000
1526C,Pembangunan UKS,2007,8640000
1526C,KERAMIK SDN KEPANJENLOR 1,2016,15193500
1526C,pembangunan RKB  SDN Kepanjenlor 1 (DAK SD 2016),2007,576229344
1583D,Kontruksi Gedung MCK,2007,6000000
1583D,DAK Gd Sekolah,2007,7200000
1583D,DAK Gd Sekolah,2007,7200000
1583D,DAK Gd Sekolah,2007,8640000
1583D,"Perencanaan, pengawasan, Rehab MCK dan Tempat Wudhu SDN Kepanjenlor 1",1990,21501750
1583D,Termin 1 (100%) rehab SDN kepanjenlor 1 (MCK) ( DIKDAS ),2018,63850000
1583D,MUSHOLA SDN KEPANJENLOR 1 (DIKDAS),2019,66602312
1300A,klampok,1990,24985000
1300A,Pembangunan UKS,2007,7200000
1300A,Pembangunan UKS,2007,8640000
1300A,RKB/Rehab (SDN Klampok),2007,91252000
1300A,KONSTRUKSI SEKAT RUANGAN,2018,11400000
1300A,"Pembangunan paving, pagar, tembok SD klampok, SD plosokerep 2, SDN Sananwetan 3",2010,118366390
1300A,Pembuatan Pagar,2010,24500000
1580B,Belanja Pengawasan,2007,1406160
1580B,DAK Gd Sekolah,2007,7200000
1580B,DAK Gd Sekolah,2007,75600000
1580B,"Perencanaan, Pengawasan, Rehab Gedung SDN Klampok",1990,73900000
1580D,Kontruksi Gedung MCK,2007,6000000
1580E,Termyn I Pembangunan Ruang Kelas SD N Klampok,2007,25550560
1580E,Termyn II RKB SD N Klampok Kota Blitar,2007,38325840
1580E,Uang Muka 30% Pembangunan Ruang Kelas SDN Klampok Kota Blitar,2007,27375600
1580E,"Pembangunan termin (1,2,3) RKB bertingkat SDN Klampok (DAK)",2018,435278346
1507A,DAK Gd Sekolah,2007,7200000
1507A,DAK Gd Sekolah,2007,7200000
1507A,DAK Gd Sekolah,2007,30960000
1507A,Termyn I Rehabilitasi Gedung SD N Rembang 2 Kota Blitar,2007,16400000
1507A,Termin II Rehab Gedung SDN Rembang 02,2007,24600000
1507A,Termin I (100%) Rehab RKB,2007,17434000
1507A,"Perencanaan, Pengawasan, Rehab Gedung SDN Rembang 2",1990,73900000
1507A,Pembangunan RKB bertingkat suntik SDN Rembang 2 (DAK),2007,472667378
1577B,RKB/Rehab (SDN Rembang 2),2007,41000000
1577C,Pembangunan UKS,2007,8640000
1577C,Kontruksi Gedung MCK,2007,6000000
1577C,Kontruksi Gedung MCK,2007,6000000
1577D,tahap II Pembangunan jamban SDN Rembang 2 DAK 2015,2007,25642646
1577D,tahap III pembangunan Jamban SDN Rembang 2 DAK 2015,2007,27142647
1577D,"Termin(1,2,3) Pembangunan Jamban 1 Paket SDN Rembang 2 (DAK)",2018,97953408
1538A,Bangunan 2 Gedung Kelas,1990,18480000
1538A,Bangunan 2 Gedung Kelas,1990,6720000
1538B,Bangunan 2 Gedung Kelas,1990,8960000
1538B,SDN SENTUL 1,2007,29265306
1538B,Pavingisasi SDN Sentul 1,2013,65962000
1538B,Jasa Pengawasan Pavingisasi SD Sentul 1; SD Kepanjenlor 2; Rehab Tempat Parkir SD Kepanjenlor 1,2013,3650000
1538B,Perencanaan Pavingisasi SD Sentul 1; SD Kepanjenlor 2; Rehab tempat parkir SD Kepanjenlor 1 dan Pagar SD Sentul 4,2013,5550000
1538C,DAK Gd Sekolah,2007,37800000
1538C,DAK Gd Sekolah,2007,50400000
1538C,DAK Gd Sekolah,2007,37800000
1538C,Jasa Konsultan Perencanaan Keramik Dinding Sentul 1,1990,1050000
1539E,Pembangunan UKS,2007,7200000
1539E,Pembangunan UKS,2007,8640000
1539E,"Rehab SDN Sentul 1 (pembangunan kantin), perencanaan dan pengawasan (DIKDAS)",2019,73359011
1650F,GAPURA SDN SENTUL 1,2016,29325000
1593H,Kontruksi Gedung MCK,2007,10800000
1593I,tahap II pembangunan RKB SDN Sentul 1 DAK 2015,2007,75409037
1593I,tahap III pembangunan RKB SDN Sentul 1 DAK 2015,2007,77909037
1232A,SDN SUKOREJO 1,2007,29265306
1232A,Pembangunan UKS,2007,7200000
1232A,Kontruksi Gedung MCK,2007,10800000
1232A,Kontruksi Gedung MCK,2007,10800000
1232A,"Perencanaan, Pengawasan, rehab SDN Sukorejo 1 (Jl. Manggar No. 57)",2017,141490000
1232A,Termin 1 (100%) Rehab SD Sukorejo 1 (MCK) ( DIKDAS ),2018,53297500
1232A,TANDON AIR SDN SUKOREJO 1 (DIKDAS),2019,33720343
1232B,DAK Gd Sekolah,2007,100800000
1232B,DAK Gd Sekolah,2007,25200000
1232B,DAK Gd Sekolah,2007,8640000
1232B,Rehab ruang kls SDN Sukorejo 1 Kota Blitar,2007,111200000
1232B,Rehab ruang kls SDN Sukorejo 1 (termin II),2007,83400000
1232B,Rehab ruang kls SD Sukorejo 1 (termin III),2007,83400000
1232B,Rehab RKB SDN Sukorejo 1 (DAK),2007,67285443
1233A,Rehab ruang kls SDN Sukorejo 2 (termin II),2007,62550000
1233A,Rehab ruang kls SDN Sukorejo 2 (termin III),2007,62550000
1233A,Rehab ruang kls SDN Sukorejo 2 Kota Blitar,2007,83400000
1233A,"Termin II rehabilitasi SDN Sukorejo 2
(DAK SD 2013)",2007,13500000
1233A,"Termin III rehabilitasi SDN Sukorejo 2
(DAK SD 2013)",2007,13500000
1233A,uang muka rehabilitasi SDN Sukorejo 2 (DAK 2013),2007,18000000
1233A,REHAB KELAS 6 RUANG SDN SUKOREJO 2 (DIKDAS),2019,107496480
1598B,DAK Gd Sekolah,2007,50400000
1598B,DAK Gd Sekolah,2007,25200000
1598B,DAK Gd Sekolah,2007,8640000
1598C,Termin 1 (100%) Rehab SDN Sukorejo 2 (mushola) ( DIKDAS ),2018,52977500
1598C,GEDUNG SEKOLAH SDN SUKOREJO 2 (DIKDAS),2019,58339405
1598D,Kontruksi Gedung MCK,2007,10800000
1598D,Termin 1 (100%) Rehab SDN Sukorejo 2 (MCK) ( DIKDAS ),2018,19690000
1796E,Jasa Konsultan/Perencanaan/Pengawasan Pagar SDN. Sukorejo 2,2013,750000
1544A,Kontruksi Gedung MCK,2007,6000000
1544A,Kontruksi Gedung MCK,2007,10800000
1544A,DAK Gd Sekolah,2007,37800000
1544A,"Termin (1,2,3) Pembangunan Jamban 1 Paket SDN Tanggung 2 (DAK)",2018,97953408
1544A,JAMBAN TANGGUNG 2 (DIKDAS),2019,54444834
1590C,Rehabilitasi Sedang/Berat SDN Tanggung 2 49.900.000 dan perencanaan 2.625.000 pengawasan 3.500.000 ( DIKDAS ),2018,56025000
1590D,DAK Gd Sekolah,2007,8640000
1590D,DAK Gd Sekolah,2007,37800000
1590D,Pembangunan UKS,2007,8640000
2435E,PAGAR SAMPING TANGGUNG 2 (DIKDAS),2019,66649279
1229A,"Termin 1,2,3 REhab RKB SDN Tanjungsari 1 (DAK)",2018,132083482
1229B,KANTIN TANJUNGSARI 1 (DIKDAS),2019,68393089
1563E,Kontruksi Gedung MCK,2007,10800000
1563E,Kontruksi Gedung MCK,2007,10800000
1563F,DAK Gd Sekolah,2007,10800000
1563F,DAK Gd Sekolah,2007,75600000
1242A,Keramik dinding,1990,17352000
1242A,1 paket bangunan kolam dan taman,2018,3500000
1561C,DAK Gd Sekolah,2007,50400000
1561C,Rehab ruang kls SDN Turi 2,2007,27800000
1561C,Rehab ruang kls SDN Turi 2 (termin II),2007,20850000
1561C,Rehab ruang kls SDN Turi 2 (termin III),2007,20850000
1561D,Jasa Konsultan/Perencanaan/Pengawasan Saluran MCK SDN. Turi 2,2013,750000
1561D,Jasa Konsultan/Perencanaan/Pengawasan Saluran MCK SDN. Turi 2,2013,750000
1561D,Rehabilitasi Jamban SDN Turi 2 (DAK SD 2016),2007,23500000
1561F,Uang Muka RKB SDN Turi 2 Kota Blitar,2007,27297000
1561G,RKB/Rehab (SDN Turi 2),2007,90990000
1795H,Termin 1 (100%) Rehab SDN Turi 2 (mushola) ( DIKDAS ),2018,53194500
1315B,SMPN 1,2006,3820546000
1315B,Pembangunan UKS,2006,12960000
1315B,Pembangunan UKS,2006,7200000
1315B,Pembangunan UKS,2006,7200000
1315B,GEDUNG OSIS DLL,2015,42380000
1315B,Jendela Ruang Guru,2017,24680000
1315B,"Pembangunan Taman/kolam tempat Ikan. ukuran 3m x 1,20m x 1,70m",2018,10867500
1315B,"Pembangunan Taman/kolam tempat Ikan. ukuran 3m x 1,20m x 1,70m",2018,10867500
1315B,"Ruang Ketrampilan dan Repro. Bantah Renovasi Gedung tahun 2018 (APBN) 
JL. A.Yani No. 8 Kepanjen kidul Kota Blitar
Bangunan Rp. 81.713.068
Perencanaan Rp. 3.014.200
Pengawasa.  Rp. 1.714.200",2019,86441468
1315B,"Ruang Koperasi Siswa . Bantah Renovasi Gedung Tahun 2018 (APBN) Jl. A.Yani NO. 8 Kepanjen kidul Kota Blitar.
Bangunan :   Rp. 150.436.289
Perencanaan :Rp.  5.014.200
Pengawasan : Rp.  3.714.200",2019,159164689
1313C,Pembangunan Perpustakaan,2006,31500000
1313C,"Ruang LAB.IPA dan KM/WC Siswa Lt.1 Bantah Renovasi Gedung Tahun 2018 (APBN)  Jl. A.Yani NO.8 Kepanjen Kidul Kota Blitar
Bangunan :  Rp. 166.320.019
Perencanaan : Rp. 5.014.200
Pengawasan  : Rp. 3.714.200",2019,175048419
1316E,Rehab Ruang seni musik,2009,74005000
1316E,"Ruang Bahasa. Bantah Renovasi Gedung tahun 2018 (APBN)
Jl. A.Yani No. 8 Kepanjen kidul Kota Blitar
Bangunan : Rp. 231.640.136.
Perencanaan : Rp. 6.014.200
Pengawasan  : Rp. 4.714.200",2019,242368536
1430F,PAGAR LAPANGAN,2015,21448008
1312H,Gedung Sekolah,2009,3895000
1312H,Rehap Atap Gedung 45;56 m2 ( Rehab Sedang/Berat,2015,20880000
1312H,Keramik,2016,12565000
1315I,"Pembangunan Selasar,Akses jalan(jembatan) menghubungkan 2 gedung bertingkat.  2 lantai .luas 14m x 1,95m",2018,208167000
1315I,"Kanopi tempat parkir  dan pemasangan paving stone 44,631,000, perencanaan 2,553,000, Pengawasan 1.805.650",2019,48989650
1311J,Kelengkapan Gedhung,2006,2900000
1311J,Konstruksi Gedung,2006,13588450
1311J,Konstruksi Gedung,2006,9000000
1311J,Pembangunan Gedung / DPPIP,2006,23460000
1311J,Bangunan gedung sekolah / DPPIP,2006,11783100
1311J,"Rehabilitasi Atap Gedung Ruang Kelas  bertingkat,luas 319,69 m2",2018,195208000
1311K,Pembangunan Gedung,2006,78740600
1311K,Pembangunan Gedung,2006,52427000
1311K,Pembangunan Gedung,2006,42000000
1311K,Gedung sekolah,2006,34279000
1311K,Pmb Gedung Sekolah,2006,5948400
1311K,Pmb Gedung Sekolah,2006,7500000
1192A,Gedung Sekolah ( R. Kepsek ),2009,3500000
1192A,Konstruksi Pembelian Gedung Kantor/Rehab Ruang Wakasek,2014,22562000
1192A,Konstruksi Perencanaan Rehab Ruang Wakasek,2014,900000
1192A,Konstruksi Rehab Ruang Wakasek,2014,750000
1192A,Konstruksi pembelian Gedung kantor,2015,195600000
1192A,Pembuatan Kanopi Teras dan Dorlop,2017,49735000
1191B,Gedung Sekolah ( R. kelas ),2009,41800000
1191B,TAMAN,2009,7181150
1191B,Pintu Harmonika ( 2014 ),2014,25800000
1191B,Konstruksi Pengeramikan Kelas Teras dan Tempat duduk Samping,2015,43460200
1193C,Kontruksi Gedung MCK,2008,10800000
1193C,Pembangunan UKS,2008,12960000
1193C,Pembangunan UKS,2008,7200000
1193C,Pembangunan UKS,2008,7200000
1193C,pembuatan kolam ikan,2015,4000000
1194D,Konstruksi Pembelian Gedung (Gudang Sekolah ),2015,32700000
1550F,Konstruksi Gedung Pertemuan / Joglo,2014,134799000
1550F,Konstruksi Gedung Pertemuan / Joglo /Pengawasan,2014,4000000
1550F,Konstruksi Pengurukan Tanah Lapangan Olahraga,2014,190683000
1550F,Konstruksi Pengurukan Tanah Lapangan Olahraga,2014,2850000
1550F,Konstruksi Pengurukan Tanah Lapangan Olahraga,2014,4800000
1550F,PAGAR,2015,149000000
1550F,PENGOLAHAN SAMPAH,2015,5000000
1191G,KonstruksiPembuatan Namebor,2014,750000
1191G,Konstruksi Pembuatan Namebor,2014,22900000
1191G,Konstruksi Pembuatan Namebor / Perencanaan,2014,1250000
1195H,Konstruksi bangunan,2008,9937500
1195H,Pembangunan Perpustakaan,2008,56700000
1195H,Pembangunan R. Lab DAN R. Pratikum,2010,130815000
1195H,Pagar Besi Lab,2015,5000000
1195H,"pembangunan ruang Lab. IPA  SMPN 4 kota Blitar
(DAK SMP 2017)",2008,292101360
1432I,Kontruksi taman/areal/pembuatan lapangan basket,2013,57600000
1432I,kontruksi taman/areal parkir/lapangan/Perencanaan pembangunan Sapras,2013,4500000
1432I,TAMAN,2015,16000000
1432I,"Pembangunan Lapangan Basket 98.500.000, pengawasan 4.430.000, perencanaan 5.935.000",2018,108865000
1310K,Pembangunan Gedung,2008,42000000
1310K,Pembangunan Gedung,2008,115500000
1310K,Pembangunan Gedung,2008,21000000
1310L,Pembangunan Gedung,2008,75600000
1310L,Pembangunan Gedung,2008,42000000
1310L,Pembangunan Gedung,2008,37800000
1208B,konsultasi pengawasan kegiatan Sarpras pendidikan SMP,2009,15800000
1208B,Rehabilitasi 2 paket SMPN 5 (DAK SMP 2017),2009,162619610
1281E,Rehab ruang kls SMPN 5 Kota Blitar,2009,108000000
1281E,rehab ruang kls SMPN 5 (termin III),2009,81000000
1281E,rehab ruang kls SMPN 5 (termin II),2009,81000000
1281E,termin II rehabilitasi SMPN 5,2009,157140000
1286F,UKS SMPN 5,2009,31500000
1286F,Pembangunan Gedung,2009,21000000
1286F,Pembangunan Gedung,2009,42000000
1286F,Pembangunan Gedung,2009,42000000
1286F,Pembangunan Gedung,2009,75600000
1286F,Pembangunan Gedung,2009,75600000
1286F,Pembangunan UKS,2009,12960000
1286F,Pembangunan UKS,2009,12960000
1286F,Pembangunan UKS,2009,7200000
1286F,Termin (100%) Jasa Konsultan Keg Rehab RKB,2009,62000000
1286F,termin III rehabilitasi SMPN 5,2009,158787000
1286F,"uang muka Rehabilitasi SMPN 5
(DAK SMP 2013)",2009,207873000
1286F,Kontruksi Gedung MCK,2009,10800000
1305A,Pembangunan RKB,1990,12499950
1305A,SEKAT SMPN 6,2016,18312000
1305A,KAMAR MANDI,2012,10450000
1305A,Bangunan KM/WC,2012,10500000
1305A,Bangunan KM/WC,2012,10500000
1305A,Kamar Mandi/WC Siswa,2013,32500000
1305A,UKS SMPN 6,2014,17139000
1305A,Ruang UKS,2014,17139000
1305A,Rehab ruang kls SMPN 6 ( termin 3),2009,135000000
1305A,Termyn I Rehab SMP N 6 Kota Blitar,2009,27048000
1305A,Rehab ruang kls SMPN 6 (termin 2),2009,135000000
1305A,Pembangunan UKS,2009,7200000
1305A,Pembangunan Gedung,2009,10500000
1305A,Pembangunan UKS,2009,12960000
1305A,Pembangunan UKS,2009,12960000
1305A,Pembangunan Gedung,2009,21000000
1305A,Pembangunan Gedung,2009,42000000
1305A,Rehab ruang kls SMPN 6 Kota Blitar,2009,180000000
2203G,SMPN 6,2009,84000000
1305I,Lantai dan Pengecatan RKB,1990,0
1305I,Lantai dan Pengecatan RKB,1990,0
1277J,Pembangunan Gedung,2009,63000000
1277J,Pembangunan Gedung,2009,46350000
1220A,GEDUNG TU,2009,12613000
1220A,Rehab Ruang TU dan Kepsek,2009,16491500
1220A,Rehab Ruang TU dan Kepsek,2009,16491500
1220A,Pembangunan UKS,2006,12960000
1220A,Pembangunan UKS,2006,12960000
1220A,Pembangunan UKS,2006,12960000
1220A,Pembangunan UKS,2006,12960000
1220A,Konstruksi MCK,2006,3000000
1220A,"Rehab Ruang BP, Ruang Tata Boga, Jalan Penghubung",2010,66419000
1220A,GUDANG,2012,23200000
1220A,Pembangunan ruang lab IPA SMPN 9(DAK SMP 2017),2017,373411165
1220A,PONDASI REKLAS dr KDP tahun perolehan 2015,2017,84100000
1220A,"Rehab Ruang Kelas (Perencanaan Rp 1.325.000,- Pelaksanaan Rp 24.000.000,- Pengawasan Rp 1.060.000,-)",2018,26385000
1220A,"Pembangunan gazebo depan musholla (Perencanaan Rp 6.876.100,- Pelaksanaan Rp 101.854.311,- Pengawasan Rp 5.703.500,-)",2019,114433911
1220B,Penambahan RKB,1990,44150000
1220B,Ruang kelas,2009,13989750
1220B,Gedung sekolah,2009,26602750
1220B,Rehab RKB SMPN 9 Blitar (DAK),2006,445925353
1308D,Pembangunan Gedung,2006,42000000
1308D,Pembangunan Gedung,2006,7800000
1308D,Pembangunan Gedung,2006,45150000
1308D,Pembangunan Gedung,2006,63000000
1308D,Pembangunan Gedung,2006,21000000
1308D,Pembangunan Gedung,2006,42000000
1308D,Pembangunan Perpustakaan,2006,31500000
1308D,Bangunan Perpustakaan Lantai 1,2012,48400000
1220E,Gedung Kantor,2011,23600000
1220E,"an Kanopi ukuran 16,83 X 2,00 = 33,66",2013,22379500
1220E,"Uang muka Rehabilitasi SMPN 9
(DAK SMP 2013)",2006,112879000
1220E,"termin III Rehabilitasi SMPN 9
(DAK SMP 2013)",2006,86664000
1220E,termin II rehabilitasi SMPN 9,2006,85507000
1220E,jasa konsultan perencanaan keg Sarpras pendidikan SMP,2006,23800000
1220E,"Pengadaan Kanopi ( Lorong Kelas ) 21,54m2",2014,15600000
1713G,"Pembangunan Tempat Sepeda 
(Barat Tempat Parkir Lama)",2017,204641000
1817H,"Pagar besi depan samping belakang (Perencanaan Rp 2.986.500,- Pelaksanaan Rp 44.037.641,00 Pengawasan Rp 2.488.200,-)",2019,49512341
1308I,tahap I pembangunan jamban SMPN 9 DAK 2015,2006,91580400
1308I,tahap II pembangunan jamban SMPN 9 DAK 2015,2006,68685300
1308J,Termin III Pembangunan Ruang Kelas Baru SMPN 9 Kota Blitar,2006,71184600
1308J,Termin I dan II Pembangunan Ruang Kelas Baru SMP N 9 Kota Blitar,2006,166097400
1308J,Termin (100%) Jasa Konsultan Keg Rehab RKB,2006,40000000
1244A,Rehab ruang kls SDN Karangsari 3,2007,83400000
1244A,Rehab ruang kls SDN Karangsari 3 (termin II),2007,62550000
1244A,Rehab ruang kls SDN Karangsari 3 (termin III),2007,62550000
1244A,REHAB RUANG KELAS SDN KARANGSARI 3 (DIKDAS),2019,79853527
1603C,pembangunan jamban SDN Karangsari 3 (DAK SD 2016),2007,47000000
1603D,Pembangunan UKS,2007,7200000
1603E,JAMBAN SDN KARANGSARI 3 (DIKDAS),2019,54136552
1603H,DAK Gd Sekolah,2007,8640000
1603H,DAK Gd Sekolah,2007,25200000
1603H,DAK Gd Sekolah,2007,25200000
1520A,Pembangunan UKS,2007,12960000
1520A,Pembangunan UKS,2007,8640000
1520A,KERAMIK SDN KAUMAN 2,2016,15193500
1520B,"Perencanaan, pengawasan Rehab MCK dan Tempat Wudhu SDN Kauman 2",1990,21501750
1520B,pembangunan RKB  SDN Kauman 2 (DAK SD 2016),2007,384229344
1520C,SDN KAUMAN 2,2007,29265306
1520C,Termin 1 (100%) pembangunan kantin SDN Kauman 2 perencanaan dan pengawasan ( DIKDAS ),2018,79833500
1585D,Kontruksi Gedung MCK,2007,6000000
1525A,Revitalisasi R.Kelas,1990,53691500
1525A,"GEDUNG SEKOLAH RKB	 SDN KEPANJENKIDUL 2",1990,15120000
1525A,GEDUNG KANTOR / GURU SDN KEPANJENKIDUL 2,1990,15120000
1525A,SDN KEPANJENKIDUL 2,2007,29265306
1525A,DAK Gd Sekolah,2007,7200000
1525A,DAK Gd Sekolah,2007,7200000
1525A,DAK Gd Sekolah,2007,8640000
1525B,SDN KEPANJENKIDUL 3,2011,216659000
1525B,"Termyn I + II 70% Pembangunan Gedung RKB, Rehab Berat SD N Kep. Kidul 3 Kota Blitar",2011,151661300
1525B,Termyn III 30% Keg. Pembangunan Gedung RKB Bid. Pendidikan Rehab Berat SD N Kep. Kidul 3 Kota Blitar,2011,64997700
1527C,Gedung Sekolah,1990,201640000
1527C,Pembangunan UKS,2007,8640000
1527C,Pembangunan UKS,2007,12960000
1522E,LABORATORIUM SDN KEPANJENKIDUL 3,1990,21280000
1525G,"KANOPI TEMPAT WUDHU 10,3 X 2,2 KERANGKA BESI DAN GALVALUM",2018,10763500
1582H,Kontruksi Gedung MCK,2007,6000000
2287I,KANOPI JAMBAN SDN KEPANJENKIDUL 2 (DIKDAS),2019,41532243
1528A,Bangunan 4 ruang Kelas,1990,168600000
1528A,Gedung Sekolah ( SD Keplor 3 ),1990,174480000
1528A,Ruang Agama dan Kesenian,1990,25480000
1528A,SDN KEPANJENLOR 3,2007,29265306
1528A,"pembangunan RKB SDN Kepanjenlor 3
(DAK SD 2016)",2007,384229344
1528A,KERAMIK SDN KEPANJENLOR 3,2016,15193500
1528A,Rehabilitasi Sedang/Berat SDN Kepanjenlor 3 (Kanopi tangga ) ( DIKDAS ),2018,6450000
1529B,DAK Gd Sekolah,2007,7200000
1529B,DAK Gd Sekolah,2007,7200000
1529B,DAK Gd Sekolah,2007,8640000
1529B,Termin I RKB SDN Kep. Lor 3 Kota Blitar,2007,25508000
1529B,Uang Muka Pembangunan RKB SDN Kep. Lor 3 Kota Blitar,2007,27330000
1529B,pembangunan sarpras rehab SDN Kepanjenlor 3,2007,83400000
1529B,pembangunan sarpras rehab SDN Kepanjenlor 3,2007,83400000
1529B,Rehab ruang kls SDN Kepanjenlor 3,2007,111200000
1529B,RKB/Rehab (SDN Kepanjenlor 3),2007,91100000
1529B,TANGGA LANGSAM KEPANJENLOR 3 (DIKDAS),2019,24362145
1559C,Kontruksi Gedung MCK,2007,6000000
1559C,Pembangunan UKS,2007,7200000
1559C,Pembangunan UKS,2007,8640000
1559C,KAMAR MANDI MCK SDN KEPANJENLOR 3,2014,19000000
1559C,UKS KEPANJENLOR 3 (DIKDAS),2019,44229917
1769A,Termin 1 dan II Pembangunan Ruang Kelas SD Muhammadiyah Kota Blitar,2011,63910000
1769A,Uang Muka Pembangunan RKB SD Muhamadiyah Kota Blitar,2011,27390000
1245A,Pembangunan UKS,2007,7200000
1228B,Keramik Lantai,1990,27171000
1228B,rehab ruang kls SDN Pakunden 2 (termin II),2007,83400000
1228B,Rehab ruang kls SDN Pakunden 2 (termin III),2007,83400000
1228B,Rehab ruang kls SDN Pakunden 2 Kota Blitar,2007,111200000
1562E,Kontruksi Gedung MCK,2007,10800000
1562F,tahap I pembangunan RKB SDN Pakunden 2 DAK 2015,2007,128698000
1562F,tahap II pembangunan RKB  SDN Pakunden 2 DAK 2015,2007,96523567
1562F,tahap III pembangunan RKB  SDN Pakunden 2 DAK 2015,2007,99523567
1562F,tenda galfalum,2016,15835000
1562F,"Pembangunan termin (1,2,3) RKB bertingkat SDN Pakunden 2 (DAK)",2018,435278346
1562G,Termin II Rehab Berat SDN Pakunden 2 Kota Blitar,2007,53488400
1562G,Termyn III Rehab Berat SD N Pakunden 2 Kota Blitar,2007,45847200
1562G,Uang Muka Rehab Berat SD N Pakunden 2 Kota Blitar,2007,65496000
1562G,DAK Gd Sekolah,2007,100800000
1562H,DAK Gd Sekolah,2007,50400000
1562H,Gedung kantor,2007,14950000
1595A,Pembangunan UKS,2007,7200000
1595C,Kontruksi Gedung MCK,2007,10800000
1595C,Rehab Gedung SD N Sentul 4 Kota Blitar,2007,144778000
1595C,RKB/Rehab (SDN Sentul 4),2007,144788000
1595C,Gedung RKB SD Sentul 4,2011,15510000
1595C,Rehab kamar mandi SDN Sentul 4,2011,41050666
1595C,Tempat Parkir SENTUL 4,2013,1500000
1595D,DAK Gd Sekolah,2007,8640000
1595D,DAK Gd Sekolah,2007,37800000
1595D,"Pembangunan termin (1,2,3) RKB Bertingkat SDN Sentul 4 ( DAK )",2018,435278346
1236A,Kontruksi Gedung MCK,2007,10800000
1599B,DAK Gd Sekolah,2007,50400000
1599B,DAK Gd Sekolah,2007,8640000
1599B,Kontruksi Gedung MCK,2007,10800000
1599B,Pembangunan UKS,2007,7200000
1599D,Termin 1 (100%) Rehab SDN Sukorejo 3 (MCK) ( DIKDAS ),2018,53227500
1230C,PNMK,1990,2300000
1230C,Belanja Pengawasan,2007,1874000
1230C,Pembangunan UKS,2007,7200000
1237D,Rumah Dinas Guru,1990,30000000
1237D,Rumah Dinas Guru,1990,30000000
1564G,tahap II pembangunan RKB ; perpust; ruang guru dan pembangunan jamban SDN Tanjungsari 2 DAK 2015,2007,124049653
1564G,tahap III pembangunan RKB ;perpust; ruang guru dan pembangunan jamban SDN Tanjungsari 2 DAK 2015,2007,128049652
1564I,"Pembangunan termin (1,2,3) RKB bertingkat SDN Tanjungsari 2 (DAK)",2018,435278346
1225A,DAK Gd Sekolah,2007,8640000
1225A,DAK Gd Sekolah,2007,75600000
1225A,DAK Gd Sekolah,2007,54180000
1225A,RKB/Rehab (SDN Turi 1),2007,91397000
1225A,Termin 1 (100%) Rehab SDN Turi 1 (mushola dan MCK) ( DIKDAS ),2018,63437500
1241B,Pembangunan UKS,2007,7200000
1241B,"Perencanaan, Pengawasan, Rehab SDN Turi 1 ( Jl. Beringin No. 322)",2017,142390000
1604C,Termin II Rehab Berat SDN Turi I Kota Blitar,2007,54838200
1604D,Kontruksi Gedung MCK,2007,10800000
1604D,pembangunan jamban SDN Turi 1 (DAK SD 2016),2007,47000000
1543B,Gedung SDLB Negeri Bendo,2010,24097955
1543B,gedung SDLB Negeri Bendo,2010,24097955
1543B,Gedung SDLB Negeri Bendo,2010,20655390
1543B,Rehab Berat SDLB Bendo Kota Blitar,2010,100891000
1543B,RKB/Rehab (SDLB Bendo),2010,144130000
1543B,"Termyn III (30%) Keg. Pembangunan Gedung RKB Bid. Pend. DAK, Rehab Berat SDLB Bendo Kota Blitar",2010,43239000
1625C,tahap II Pembangunan jamban DAK 2015,2010,45790200
1625C,tahap III pembangunan jamban DAK 2015,2010,47290200
1625D,Termin I RKB Kota Blitar,2010,87206525
1625D,Bayar Uang Muka RKB Kota Blitar,2010,106783500
1625D,termin II rehabilitasi,2010,59762000
1625D,termin III rehabilitasi,2010,60053000
1625D,"uang muka Rehabilitasi 
(DAK 2013)",2010,79385000
1190A,Pembangunan Gedung,2009,42000000
1190A,Pembangunan Gedung,2009,42000000
1190A,Kontruksi Gedung MCK,2009,10800000
1190A,Pembangunan UKS,2009,12960000
1190A,Pembangunan UKS,2009,7200000
1190A,Pembangunan UKS,2009,7200000
1190B,Uang Muka RKB SMP N 3 Kota Blitar,2009,66588300
1190B,RKB/Rehab (SMPN 3),2009,221961000
1190B,MCK siswa dan tempat Wudhu,2017,20350000
1190B,Termin 1 (100%) pemagaran keamanan SMP Negeri 3 Blitar ( DIKDAS ),2018,121000000
1190C,SMPN 3,2009,31500000
1190C,Bangunan Gedung Tempat Pendidikan Permanen,2012,273187000
1190D,GEDUNG SEKOLAH RKB,2016,22232500
1190E,Pembangunan rumah jaga semi permanen SMPN 3 Blitar ( DIKDAS ),2018,49800000
1280F,Peng  Angsuran 1 dan 2,2009,892800
1280F,Pembangunan Gedung,2009,25800000
1280F,LABORATORIUM,2010,133448000
1280F,pagar lantai atas dan pintu Masuk ruang lab,2018,9570000
1280G,Pembangunan Gedung,2009,63000000
1280H,Konstruksi Gedung,2009,5712500
1280H,TAMAN,2014,15000000
1280H,TAMAN,2014,15000000
1280I,Pembangunan Gedung,2009,42000000
1280I,"Termin I,II RKB SMPN 3 Kota Blitar",2009,108760890
2612J,"Reklas dr KDP ( studi kelayakan, masterplan, dan kontruksi tahap I tahun 2018 (11.895.110.900,-), Pembangunan SMPN 3 perencanaan dan pengawasan tahap II ( 18.299.195.723 ), Perencanaan dr PU reklas dr KDP th 2016 ke GB ( 122.792.000 )",2019,30317098623
1210A,Ruang UKS dan MCK SMPN 7,2009,31500000
1210A,Pembangunan UKS,2009,12960000
1210A,Pembangunan UKS,2009,12960000
1210A,Pembangunan UKS,2009,12960000
1211B,Tempat wudlu,2017,20400000
1212C,Gedung Sekolah,1990,63200000
1212C,Gedung Sekolah,1990,63200000
1212C,Gedung Sekolah,1990,79200000
1212C,Gedung Sekolah,1990,92400000
1212C,Gedung Sekolah,1990,104000000
1212C,Gedung Sekolah,1990,156000000
1212C,Gedung Sekolah,1990,156000000
1212C,BANGUNAN RKB,1990,16762000
1212C,Ruang Kegiatan belajar,1990,146637000
1212C,Ruang Kegiatan belajar,1990,9900000
1212C,Bangunan Gedung Sekolah,1990,39457500
1212C,Ruang Kelas Baru (RKB),1990,108432000
1212C,Kontruksi Gedung MCK,2009,10800000
1212C,Termyin I + II (100%) Keg. Rehabilitasi Ruang Kelas SMP N 7 Kota Blitar,2009,98600000
1213D,"pembangunan ruang Lab.IPA SMPN 7
(DAK SMP 2017)",2017,292101360
1213E,Bangunan Lab. Fisika,1990,0
1213F,Ruang Laboratorium Bahasa,1990,141479800
1213F,Ruang Laboratorium Bahasa,1990,11604200
1213F,Laboratorium Bahasa,1990,98777000
1213F,PERPUSTAKAAN,2009,48000000
1213F,Gedung Perpustakaan,2009,38698000
1213F,"Bangunan Gedung Tempat Pendidikan Permanen
Pembangunan Plafond Perpustakaan Sekolah",2009,24799000
1724J,Bangunan Gedung Tempat Pendidikan Permanen Tempat Pengolahan Sampah Terpadu ( Pengawasan ),2012,900000
1724J,Bangunan Gedung Tempat Pendidikan Permanen Tempat Pengolahan Sampah Terpadu ( Perencanaan ),2012,1350000
1282M,Pembangunan Gedung,2009,63000000
1282M,Konsultasi Pengawas Gedung SMPN 7,2009,2200000
1282M,Pembangunan Gedung,2009,42000000
1282M,Pembangunan Gedung,2009,21000000
1282M,Pembangunan Gedung,2009,25800000
1282M,Pembangunan Gedung,2009,42000000
1282M,Pembangunan Gedung,2009,42000000
1282M,Rehab RKB SMPN 7 Blitar (DAK),2009,445925353
1215A,Kontruksi taman / lapangan,2009,49419000
1215A,Pembangunan UKS,2009,12960000
1215A,Pembangunan UKS,2009,12960000
1215A,Pembangunan Gedung,2009,21000000
1215A,Taman ( Paving ),2012,54950000
1216C,Pembangunan Gedung kamar mandi ( WC ) siswa,2017,20350000
1216C,Bangunan Gedung Parkir Sepeda Siswa,2017,204250000
1216D,PERPUSTAKAAN,1990,39200000
1216D,TAMAN,2009,19592750
1216D,"Bangunan Gedung Pendidikan ( Perencanaan,Pengawasan Rehab RKB )",2018,88680000
1216D,Bangunan Gedung Kantor ( Gazebo ),2019,15000000
1216H,RKB dan  UKS SMPN 8,2009,84000000
1218I,FASILITAS UMUM,2010,17100000
1219J,Gedung sekolah,2009,69796200
1219J,Bangunan Gedung Tempat Pendidikan Permanen,2010,116849920
1219J,Termyin 1 + II (100%) Rehabilitasi Ruang Kelas SMP N 8 Kota Blitar,2009,83960000
1219J,"PEMASANGAN WASTAFEL, INSTALASI AIR DAN TANDON",2015,10930000
1219J,Pembangunan ruang Lab.IPA SMPN 8 (DAK SMP 2017),2017,373411165
2360M,Name Board Sekolah Rangka Gapura Pipa Stainless 3 Dim,2018,24910000
1279O,Pembangunan Gedung,2009,42000000
1279O,Pembangunan Gedung,2009,9000000
1279O,Kontruksi Gedung MCK,2009,10800000
1279O,Pembangunan UKS,2009,12960000
1279O,Pembangunan Gedung,2009,21000000
1279O,Pembangunan Gedung,2009,42000000
1279O,Pembangunan Perpustakaan,2009,56700000
1279O,Ruang Kelas Baru,2011,326371000
